Product_ID,Category_ID,Product_name,Description,Price,Stock_quantity,F_coupon_id,Product_upload_date
1,1,有機小白菜－力新,"有機小白菜－力新
力新帶給您新鮮的有機小白菜，栽培過程中不使用農藥或化肥，確保食材的純淨。每片小白菜都緊實爽脆，含有豐富的營養素，是您健康飲食的理想選擇。選用力新的有機小白菜，讓您享受天然、美味的食材。",38,10,31,2023/5/12
2,1,有機小松菜－力新,"有機小松菜－力新
力新精選有機小松菜，以天然方式種植，不含農藥殘留。小松菜含有豐富的纖維、維生素和礦物質，有益於腸道健康，同時提供您新鮮綠意。選擇力新的有機小松菜，讓您享受營養豐富的美味。",43,2,31,2021/3/24
3,1,有機小黃瓜－古坑,"有機小黃瓜－古坑
古坑提供的有機小黃瓜，栽培過程中遵循有機種植原則，無化肥農藥殘留。小黃瓜清脆多汁，富含水分及維生素，是爽口的開胃選擇。品嚐古坑的有機小黃瓜，感受健康與美味的同時，讓您的生活更豐富多彩。",15,44,31,2022/6/15
4,1,有機山茼蒿－力新,"有機山茼蒿－力新
力新有機山茼蒿，種植過程中注重土壤品質，提供您高品質的有機蔬菜。山茼蒿富含營養，特有的香氣和口感讓人難以忘懷。力新致力於提供新鮮、無污染的有機山茼蒿，成為您餐桌上的美味佳餚。
有機山茼蒿－力新
力新有機山茼蒿，種植過程中注重土壤品質，提供您高品質的有機蔬菜。山茼蒿富含營養，特有的香氣和口感讓人難以忘懷。力新致力於提供新鮮、無污染的有機山茼蒿，成為您餐桌上的美味佳餚。
有機山茼蒿－力新
力新有機山茼蒿，種植過程中注重土壤品質，提供您高品質的有機蔬菜。山茼蒿富含營養，特有的香氣和口感讓人難以忘懷。力新致力於提供新鮮、無污染的有機山茼蒿，成為您餐桌上的美味佳餚。",36,9,31,2023/11/14
5,1,有機包心白菜(M)-力新,"有機包心白菜(M)-力新
力新有機包心白菜(M)以天然方式種植，不使用化學肥料，確保食材的純淨與新鮮。每片包心白菜葉片緊實，質地爽脆，適合涼拌或炒食。力新的有機包心白菜(M)給您帶來健康美味的享受。",43,12,31,2023/9/23
6,1,有機奶油白菜-力新,"有機奶油白菜-力新
力新有機奶油白菜，是一種口感極為嫩滑的蔬菜，含有豐富的營養成分。栽培過程中不使用農藥，確保奶油白菜的純淨與自然風味。以清脆多汁的奶油白菜豐富您的餐桌，為家人獻上健康美味。",99,15,31,2023/4/10
7,1,有機本島萵苣(A菜)-力新,"有機本島萵苣(A菜)-力新
力新精選的有機本島萵苣(A菜)，經過嚴格的有機栽培程序，保證無農藥殘留，呈現自然的原始風味。本島萵苣(A菜)葉片鮮綠豐潤，富含維生素，是製作沙拉或涼拌的理想選擇。",20,50,31,2022/9/14
8,1,有機白花椰菜－古坑,"有機白花椰菜－古坑
古坑的有機白花椰菜，通過有機種植認證，確保無農藥殘留。白花椰菜莖嫩花瓣豐滿，富含營養，適合蒸煮、炒食或製作沙拉。古坑有機白花椰菜，帶給您天然的健康滋味。",97,7,31,2023/9/4
9,1,有機白莧菜-力新,"有機白莧菜-力新
力新有機白莧菜，栽培過程中嚴格把關，不使用化學農藥，確保蔬菜的純淨與安全。白莧菜葉片翠綠多汁，富含膳食纖維及維生素，是製作各式料理的理想食材。",72,19,31,2023/1/4
10,1,有機白蘿蔔－古坑,"有機白蘿蔔－古坑
古坑有機白蘿蔔以自然栽培方式培植，確保蘿蔔的品質純淨。白蘿蔔質地爽脆，味道清甜，適合生食、涼拌或烹煮，為您的料理增添新鮮風味。",21,13,31,2022/3/24
11,1,有機地瓜葉－力新,"有機地瓜葉－力新
力新有機地瓜葉以純天然方式種植，不使用農藥或化肥，確保食材的純淨。地瓜葉富含維生素A、C和鈣質，是營養豐富的綠色蔬菜。其嫩綠葉片適合用來烹調湯品、炒菜或製作沙拉，為您的餐桌增添自然風味。",63,14,31,2023/10/31
12,1,有機油菜－力新,"有機油菜－力新
力新有機油菜遵循有機栽培原則，不含農藥殘留，確保食材的安全與高品質。油菜的嫩葉清脆，富含維生素K和膳食纖維，是健康飲食的理想選擇。選擇力新的有機油菜，品味天然風味，享受美味生活。",22,17,31,2021/10/13
13,1,有機空心菜－力新,"有機空心菜－力新
力新有機空心菜採用天然種植方式，不使用農藥，確保綠色蔬菜的新鮮和純淨。空心菜質地脆嫩，富含維生素C和鐵質，適合涼拌、快炒或湯品，為您提供豐富的營養。",11,7,31,2022/8/1
14,1,有機芥藍菜－力新,"有機芥藍菜－力新
力新的有機芥藍菜以環保、有機的方式種植，經過嚴格的品質管理，確保食材的純淨和安全。芥藍菜的翠綠葉片帶有濃郁的芥香，富含維生素、礦物質和膳食纖維，是增添風味和營養的絕佳選擇。",23,27,31,2021/10/14
15,1,有機青江菜－力新,"有機青江菜－力新
力新有機青江菜是一種優質的有機蔬菜，栽培過程中不使用農藥，確保無農藥殘留。青江菜嫩葉爽口，富含營養素，特有的香氣和清甜味道，適合快炒或涼拌，提供您天然、健康的飲食選擇。",41,18,31,2021/7/14
16,1,有機青椒－力新,"有機青椒－力新
力新有機青椒是清新爽口的有機蔬菜，種植過程中不使用化肥農藥，確保食材的純淨和健康。青椒富含維生素C和抗氧化物質，是炒菜、燉湯或沙拉的理想選擇。選擇力新的有機青椒，為您帶來新鮮風味。",12,11,31,2022/5/29
17,1,有機青蔥－力新,"有機青蔥－力新
力新有機青蔥以天然方式種植，不含化肥農藥，保留青蔥的原汁原味。青蔥富含維生素K和抗氧化物質，是各式料理的調味佳品。選擇力新的有機青蔥，為您的家庭烹飪增添新鮮風味。",34,9,31,2023/12/27
18,1,有機原木香菇,"有機原木香菇
有機原木香菇是一種天然、營養豐富的食材，採用有機栽培方法，不含任何人工添加物。原木香菇肉質鮮嫩，口感豐富，含有多種維生素和礦物質，是素食者的理想選擇。在烹飪中，原木香菇可用於炒、燉、湯品等多種料理，為您帶來美味和營養。",7,14,31,2021/10/28
19,1,有機高冷高麗菜2XS-力新,"
有機高冷高麗菜2XS-力新
力新有機高冷高麗菜2XS是一種小巧精緻的有機蔬菜，不含農藥殘留，確保食材的安全。高冷高麗菜2XS細嫩爽脆，富含維生素C和膳食纖維，適合涼拌、生食或烹煮，為您的餐桌增添營養色彩。",69,26,31,2022/9/28
20,1,有機高麗菜(小)－古坑,"有機高麗菜(小)－古坑
古坑提供的有機高麗菜(小)是經過嚴格有機種植認證的新鮮蔬菜。這種小巧的高麗菜葉片緊實，質地爽脆，適合生食或用來製作涼拌菜。以有機的方式種植，保證食材的純淨與健康，為您的料理增色不少。",62,22,31,2021/7/22
21,1,有機敏豆(四季豆)－古坑,"有機敏豆(四季豆)－古坑
古坑的有機敏豆(四季豆)是經過有機認證的高品質蔬菜，栽培過程中不使用農藥，確保食材的安全。敏豆的嫩莢爽脆，富含纖維和維生素，是營養均衡飲食的佳選。以古坑的有機敏豆，為您的餐桌增添清新的味道。",92,3,31,2021/6/1
22,1,有機荷葉白菜－力新,"有機荷葉白菜－力新
力新的有機荷葉白菜以天然方式栽培，不含農藥和化肥，確保蔬菜的純淨和新鮮。荷葉白菜葉片軟嫩多汁，含有豐富的營養成分，適合涼拌或炒食。選擇力新的有機荷葉白菜，讓您的餐桌充滿自然風味。",97,22,31,2022/11/8
23,1,有機菠菜－力新,"有機菠菜－力新
力新有機菠菜是經過嚴格的有機種植程序，不使用農藥或化肥，確保蔬菜的品質和新鮮度。菠菜富含維生素、礦物質和抗氧化物質，是促進健康的理想食材。力新的有機菠菜，為您的餐桌增添營養的同時，帶來美味的享受。",76,50,31,2023/8/25
24,1,有機黃金甘藷S-力新,"有機黃金甘藷S-力新
力新有機黃金甘藷S是一種天然、健康的根莖類蔬菜，栽培過程中不使用農藥，確保食材的安全與高品質。黃金甘藷S的質地細緻，味道香甜，富含維生素A、膳食纖維和礦物質，是製作各種料理的絕佳食材。",32,2,31,2021/7/26
25,1,有機黑葉白菜－古坑,"有機黑葉白菜－古坑
古坑的有機黑葉白菜通過有機認證，是一種天然、營養豐富的蔬菜。黑葉白菜葉片翠綠多汁，富含維生素C和膳食纖維，適合涼拌、快炒或湯品，為您的餐桌帶來多樣化的美味選擇。",54,24,31,2022/12/26
26,1,有機龍鬚菜-力新,"有機龍鬚菜-力新
力新有機龍鬚菜是一種經過有機栽培的特殊蔬菜，種植過程中不使用農藥，確保蔬菜的原始風味。龍鬚菜的形狀獨特，質地爽口，含有豐富的營養素，適合用來製作涼拌或快炒，為您帶來美味和視覺的享受。",19,21,31,2023/6/9
27,8,超大份量業務包 1.05Kg冷凍白蝦40_50 _3盒組,"超大份量業務包 1.05Kg冷凍白蝦40_50 _3盒組
這款超大份量業務包冷凍白蝦40-50，以每盒1.05公斤的份量呈現，總計3盒組。白蝦肉質鮮嫩，味道鮮甜，是豐盛海鮮餐的理想選擇。適用於多種烹飪方式，如燙、炸、炒等，讓您輕鬆在家享受高品質的白蝦美味。",428,34,31,2022/10/10
28,8,超大份量業務包 1.05Kg冷凍白蝦40_50 _6盒組,"超大份量業務包 1.05Kg冷凍白蝦40_50 _6盒組
這款超大份量業務包冷凍白蝦40-50，以每盒1.05公斤的份量呈現，總計3盒組。白蝦肉質鮮嫩，味道鮮甜，是豐盛海鮮餐的理想選擇。適用於多種烹飪方式，如燙、炸、炒等，讓您輕鬆在家享受高品質的白蝦美味。",228,33,31,2022/2/23
29,8,下殺 嚴選 Vanonis 南美白蝦  30_40 -500 g_盒 x2,"下殺 嚴選 Vanonis 南美白蝦 30_40 -500 g_盒 x2
Vanonis 南美白蝦以其鮮美口感和優越品質而聞名。這款30-40隻的白蝦每盒約重500克，適中的大小方便您在烹飪時靈活運用。新鮮的南美白蝦擁有豐富的蛋白質和低脂肪，通過多種烹飪方式展現其香濃的海鮮風味。此特價優惠包含2盒，為您的餐桌增添美味選擇。",330,47,31,2023/9/4
30,8,巨無霸白晶蝦 500G(特大)  約10~15隻_盒x3,"巨無霸白晶蝦 500G(特大) 約1015隻_盒x3
這款巨無霸白晶蝦以特大的約1015隻每盒，總計3盒組。每隻蝦的肉質飽滿，肉厚彈牙，呈現極致的新鮮口感。適合用來清蒸、油炸或炒食，滿足您對白蝦的美味渴望。高品質的白晶蝦是宴席或聚餐的理想選擇，讓您的用餐體驗更上一層樓。",195,4,31,2023/6/26
31,8,美洲白晶蝦500G(大)  約15-20隻_盒 x3,"美洲白晶蝦500G(大) 約15-20隻_盒 x3
美洲白晶蝦以大盛的15-20隻每盒，總計3盒組，滿足您對美味白蝦的需求。每隻蝦的大小適中，適合各種烹飪方式。蝦肉鮮嫩多汁，口感豐富，是海鮮愛好者的首選。這款優惠組合讓您在享受美味的同時，擁有更多份量。",500,42,31,2023/12/4
32,8,超大2630鮮甜熟白蝦-1盒組(900g_盒_約23隻),"超大2630鮮甜熟白蝦-1盒組(900g_盒_約23隻)
這款超大2630鮮甜熟白蝦組合包含1盒，每盒淨重約900克，約23隻。蝦肉豐滿鮮嫩，肉質緊實，是品質保證的海鮮選擇。經過冷凍保存的白蝦保持了其原汁原味，是製作海鮮料理、涼拌或火鍋的理想之選。",700,36,31,2022/6/18
33,8,霸王級2125鮮甜白蝦-3盒組(淨重500g_盒_11-13尾),"霸王級2125鮮甜白蝦-3盒組(淨重500g_盒_11-13尾)
霸王級2125鮮甜白蝦以淨重500克每盒，每盒約含11-13尾。這款白蝦的大小適中，適合用來燙、炸、炒或涼拌。白蝦的鮮美口感和豐富營養，使其成為家常飲食或節慶宴席的上佳選擇。",246,30,31,2021/5/8
34,8,冷凍熟白蝦6盒組(250公克_1盒),"冷凍熟白蝦6盒組(250公克_1盒)
冷凍熟白蝦6盒組提供方便快捷的烹飪選擇，每盒淨重250克。這款白蝦已經經過熟成和冷凍處理，只需簡單加熱即可食用。熟白蝦肉質鮮嫩，口感美味，適合用於各種中西式料理，讓您輕鬆享受美味海鮮。",450,35,31,2021/1/29
35,6,究好豬 軟骨丁,"究好豬 軟骨丁
究好豬軟骨丁是由優質豬肉製成的美味料理原料。每塊軟骨丁都擁有豐富的軟骨，增添口感層次，使料理更加豐富。這款產品適合用於湯品、燜煮、火鍋，或是烹飪各式亞洲料理。軟骨丁的獨特風味和彈牙口感，定能滿足您對美味的追求。",389,30,31,2021/7/11
36,6,究好豬 霜降肉,"究好豬 霜降肉
究好豬霜降肉是選用優質豬肉的高品質肉品。霜降肉部位脂肪分佈均勻，帶有適中的霜降脂肪，使得肉質更加鮮嫩多汁。這款霜降肉適合用來切片烹煮、涮火鍋或燒烤，味道豐富，肉質飽滿，是家常料理或節慶宴席的上佳選擇。",446,3,31,2023/3/28
37,6,豬小排丁,"豬小排丁
豬小排丁是由優質豬肉精心製成的小塊狀料理原料。每一塊小排丁都包含肉質和骨頭，帶有豐富的肉汁和風味。這款產品適合用於快炒、炸、燉煮，或是用於製作豐富的湯品。小排丁的適口大小，讓您在各種烹飪中輕鬆應用，創造出美味佳餚。",412,45,31,2021/1/3
38,6,豬五花條,"豬五花條
豬五花條是選用豬肉腹部的優質部位，肉與油花交錯分佈，質感豐富。這款五花條適合用於細切片的料理，例如燒烤、煎炸或涮火鍋。條狀的五花條肉質豐腴，脂肪入味，是冒著香氣的美味選擇。",283,16,31,2023/10/8
39,6,豬後腿絞肉,"豬後腿絞肉
豬後腿絞肉是選用豬後腿部位製成的細嫩絞肉。這種絞肉適合用來製作肉丸、餃子、鍋貼等各種料理。絞肉的肉質綿密，口感爽滑，搭配您喜愛的調味料，可以製作出多樣化的美味料理。豬後腿絞肉是家常烹飪不可或缺的食材之一。",297,42,31,2022/11/14
40,6,豬胛心肉丁,"豬胛心肉丁
這款豬胛心肉丁以高品質的豬肉製成，肉質鮮嫩多汁。脂肪分佈均勻，適合用來炒、燉或火鍋料理。豬胛心肉丁的肉質飽滿，口感豐富，是烹飪中不可或缺的美味食材。無論是燜煮還是快炒，都能帶來滿滿的風味。",84,4,31,2022/5/15
41,6,豬梅花火鍋肉片(六件組),"豬梅花火鍋肉片(六件組)
這組豬梅花火鍋肉片以優質豬肉製成，切片均勻，適合搭配火鍋使用。肉片紋理分明，質地豐富，入口嫩滑。搭配新鮮蔬菜和湯底，營造出美味豐盛的火鍋風味。這六件組的火鍋肉片，為您的餐桌增添豐富選擇。",334,36,31,2022/10/29
42,6,豬梅花肉片,"豬梅花肉片
豬梅花肉片是選用優質豬梅花肉製成的切片肉品。每片肉質飽滿，帶有適中的脂肪，經過適度的厚度處理，適合燒烤、涮火鍋或快炒。梅花肉的細膩口感和豐富風味，是多種烹飪風格的理想選擇。",109,12,31,2021/5/9
43,6,豬腰內肉,"豬腰內肉
豬腰內肉是一種優質的瘦肉部位，脂肪含量較低，肉質飽滿。這部位的肉片適合切片烹調，可以用來燒烤、炸或涮火鍋。腰內肉的獨特風味和嫩滑口感，讓您的料理更添美味。",268,32,31,2022/1/27
44,6,豬腱子肉,"豬腱子肉
豬腱子肉是一種適合悠閒燜煮或燒烤的部位，脂肪和肉質交錯分佈。經過適度處理後，腱子肉更加入味，搭配香料和醬汁，可以烹調出濃郁多汁的美味料理。這款豬腱子肉適合用來製作各種湯品或燜煮料理，為您帶來溫暖的滋味。
豬腱子肉
豬腱子肉是一種適合悠閒燜煮或燒烤的部位，脂肪和肉質交錯分佈。經過適度處理後，腱子肉更加入味，搭配香料和醬汁，可以烹調出濃郁多汁的美味料理。這款豬腱子肉適合用來製作各種湯品或燜煮料理，為您帶來溫暖的滋味。
豬腱子肉
豬腱子肉是一種適合悠閒燜煮或燒烤的部位，脂肪和肉質交錯分佈。經過適度處理後，腱子肉更加入味，搭配香料和醬汁，可以烹調出濃郁多汁的美味料理。這款豬腱子肉適合用來製作各種湯品或燜煮料理，為您帶來溫暖的滋味。",132,22,31,2022/3/31
45,6,豬龍骨,"豬龍骨
豬龍骨是一種具有濃郁骨髓風味的部位，適合用來燉煮、湯品或炖燉。龍骨中的膠原蛋白有助於湯汁的濃郁和口感的提升。這款豬龍骨肉質鮮嫩，是製作燉湯和滋補料理的上佳選擇。",27,11,31,2022/5/4
46,7,PRIME安格斯肋眼牛排6片(200g_片)免運組,"PRIME安格斯肋眼牛排6片(200g_片)免運組
PRIME安格斯肋眼牛排是由頂級的安格斯牛肉製成，每片約200克。肉質嫩滑、多汁，且脂肪和肉的分佈均勻。這組六片的肋眼牛排提供極致的享受，適合簡單燒烤或平鍋煎烤，讓您在家中品味頂級牛排的美味。",730,30,31,2021/10/19
47,7,天然草飼嫩肩牛排16片(100G+-10%_片)免運組,"
天然草飼嫩肩牛排16片(100G+-10%_片)免運組
這組天然草飼嫩肩牛排包含16片，每片約100克。選用優質的草飼牛肉，味道鮮美，肉質細嫩。適合簡單的鍋物、煎烤或涮火鍋，展現草飼牛肉天然風味，為您帶來頂級牛排的美味。",555,5,31,2023/7/7
48,7,安格斯PRIME頂級霜降沙朗牛排2片（400g+-10%_片）免運組,"安格斯PRIME頂級霜降沙朗牛排2片（400g±10%_片）免運組
這組安格斯PRIME霜降沙朗牛排帶給您極致的品味享受。每片厚切的沙朗牛排擁有頂級霜降，肉質鮮嫩多汁，帶有豐富的霜降脂肪，保持了牛肉最美味的滋味。經過精心處理和厚切，確保每一口都是極致的享受。免運組的設計更是貼心，為您的美味體驗添上方便。",318,31,31,2021/7/6
49,7,安格斯PRIME頂級霜降沙朗骰子5包(100G+-10%_包)免運組,"安格斯PRIME頂級霜降沙朗骰子5包(100g±10%_包)免運組
這款安格斯PRIME霜降沙朗骰子免運組，將帶給您五包精選的霜降牛排骰子，每包100克。精挑細選的牛排骰子保持了頂級霜降的風味，極致鮮嫩，適合多種料理應用，如涮火鍋、爐端燒烤，或用於炒鍋料理，絕對是美味與方便的完美組合。",977,19,31,2021/6/14
50,7,安格斯帶骨牛肋小排5包（500g+-10%_包）免運組,"安格斯帶骨牛肋小排5包（500g±10%_包）免運組
這組安格斯帶骨牛肋小排免運組，為您呈現極致的牛肋美味。每包500克的帶骨小排，保留了牛肉原汁原味，鮮嫩多汁，油花分佈均勻。經過嚴格挑選和處理，確保每一口都是美味的享受。免運組更是貼心，為您提供極致便利。",326,10,31,2022/10/18
51,7,安格斯雪花嫩肩牛排厚切8片(200g±10%_片)免運組,"
安格斯雪花嫩肩牛排厚切8片(200g±10%_片)免運組
這套安格斯雪花嫩肩牛排厚切免運組，是美味和厚實口感的絕佳組合。每片厚切的雪花嫩肩牛排都擁有頂級霜降，肉質鮮嫩多汁，是燒烤、鐵板燒或燉煮的理想選擇。組合特設免運，讓您輕鬆品味極致美味。",593,45,31,2023/11/7
52,7,老饕牛舌切片8包(100g_包)免運組,"老饕牛舌切片8包(100g_包)免運組
老饕牛舌切片免運組為您呈現極致的牛舌美味。每包100克的牛舌切片經過精心處理，肉質細嫩，口感爽滑，是涮火鍋、燒烤或冷盤的上佳選擇。免運組的特惠更是為您的美味體驗添上方便。",759,30,31,2023/9/30
53,7,厚切草原之心全天然肋眼牛排8片(200g+-10%_片),"厚切草原之心全天然肋眼牛排8片(200g+-10%_片)
這款厚切草原之心全天然肋眼牛排，每片200克，帶有肉質豐腴的特色。經過嚴格的挑選和處理，確保了牛排的質感和風味。厚切的設計使得牛排更適合各種料理方式，是燒烤、平鍋煎炸或燉煮的絕佳選擇。",725,45,31,2021/8/12
54,7,美式牛肉漢堡排10片(100g_片)免運組,"美式牛肉漢堡排10片(100g_片)免運組
這組美式牛肉漢堡排免運組為您帶來簡單又美味的用餐選擇。每片100克的漢堡排以優質牛肉製成，肉質鮮嫩，適合平底鍋、烤爐或是燒烤搭配麵包製作美味漢堡。免運組的優惠更是讓您輕鬆享受美味。",256,9,31,2022/9/10
55,7,美國安格斯PRIME頂級霜降翼板牛排3片(200g±10%_片) 免運組,"美國安格斯PRIME頂級霜降翼板牛排3片(200g±10%_片) 免運組
這組美國安格斯PRIME霜降翼板牛排免運組，每片200克，是極致肉質和風味的代表。精選霜降翼板部位，油花分佈均勻，經過高品質處理，肉質鮮嫩，口感豐富。免運組的設計更是為您的美味體驗添上便利。",400,13,31,2022/8/20
56,7,美國安格斯帶骨牛小排8包(200G_包_3~6片_單骨切)免運組,"美國安格斯帶骨牛小排8包(200G_包_36片_單骨切)免運組
這免運組的美國安格斯帶骨牛小排呈獻給您精緻的牛排饗宴。每包200克，包含36片的單骨切牛小排，保留了帶骨的原始風味，肉質豐腴，肉汁豐富。經過高品質處理，確保每片牛排都擁有極致的霜降和口感。免運組更是方便，為您的美味體驗添上便利。",872,13,31,2021/9/13
57,7,美國特選板腱牛肉片3包(200g±10%_包),"美國特選板腱牛肉片3包(200g±10%_包)
這特選板腱牛肉片免運組為您帶來美味和營養的組合。每包200克，經過嚴格挑選的板腱牛肉，厚切設計使得牛肉更適合涮火鍋、炒鍋或鐵板燒烤。保持肉質鮮嫩，風味豐富。免運組更是為您提供方便的選擇，輕鬆享受美味。",132,48,31,2022/11/13
58,7,美國穀飼精修上肩牛肋切段10包(200g+-10%_包) 免運組,"美國穀飼精修上肩牛肋切段10包(200g+-10%_包) 免運組
這穀飼精修上肩牛肋切段免運組為您奉上精緻的牛肉切段。每包200克，共有10包，方便料理和分配。高品質的上肩牛肋肉質豐腴，風味獨特。經過精修處理，確保每一片都是優質享受。免運組的特惠更是為您提供美味便利。",595,10,31,2022/2/21
59,7,美國凝脂厚切雪花牛肉片8包(200G+-10%_包),"
美國凝脂厚切雪花牛肉片8包(200G+-10%_包)
這組美國凝脂厚切雪花牛肉片帶來極致的牛排風味。每包200克，共有8包，肉質鮮嫩多汁，凝脂的特殊油花使得牛肉更加美味。精心厚切的設計使得牛排更適合各種料理方式。免運組更是為您的美味體驗添上方便。",338,22,31,2022/8/13
60,7,美國霜降翼板牛肉片6包(200G+-10%_包),"美國霜降翼板牛肉片6包(200G+-10%_包)
這組美國霜降翼板牛肉片呈現極致的風味和質感。每包200克，共有6包，霜降的翼板部位保持肉質鮮嫩，油花分佈均勻。高品質的牛肉適合涮火鍋、鐵板燒烤等多種料理方式。免運組的優惠更是為您提供方便。",809,2,31,2023/7/1
61,7,草飼牛腱心切塊6包（500g+-10%_包）免運組,"草飼牛腱心切塊6包（500g+-10%_包）免運組
這草飼牛腱心切塊免運組為您呈現肉質豐腴的牛肉享受。每包500克，共有6包，適合燉煮、烤箱烹調或火鍋、鐵板燒烤等多種料理方式。免運組的優惠更是為您提供方便。",154,38,31,2021/7/7
62,7,草飼牛嫩肩肉片9包 (200G_包+-10%)免運組,"草飼牛嫩肩肉片9包 (200G_包+-10%)免運組
這組草飼牛嫩肩肉片免運組為您帶來極致的草飼牛肉美味。每包200克，共有9包，肉質鮮嫩多汁，適合涮火鍋、平底鍋或燒烤。草飼牛的特有風味和質地，加上嫩肩部位的切片，使得這款牛肉片成為各種料理的理想選擇。免運組的特惠更是為您提供方便。",400,7,31,2023/2/28
63,7,草飼菲力厚牛排7包(200G+-10%_包)免運組,"草飼菲力厚牛排7包(200G+-10%_包)免運組
這免運組的草飼菲力厚牛排呈獻給您極致的牛排享受。每包200克，共有7包，菲力牛排肉質細嫩，油花分佈均勻，肉汁鮮美。經過高品質處理，確保每片牛排都保持最佳的質感。免運組的設計更是為您的美味體驗添上方便。",611,43,31,2022/10/12
64,5,鄉村土雞(二節翅),"鄉村土雞(二節翅)
這款鄉村土雞二節翅，是新鮮且營養豐富的雞肉選擇。每隻雞的二節翅經過新鮮宰殺，保持了雞肉的原汁原味，肉質鮮嫩。適合烤箱烹調、炸或涮火鍋，為您帶來美味的食感和風味。",88,8,31,2022/5/11
65,5,鄉村土雞(半雞切塊),"鄉村土雞(半雞切塊)
這款鄉村土雞半雞切塊，提供新鮮且多元的雞肉部位。經過新鮮宰殺，切塊設計更方便您的料理需求。肉質鮮嫩，適合搭配各種調味料或烹調方式，為您的餐桌增添美味。",20,8,31,2022/8/18
66,5,鄉村土雞（去骨雞腿）,"鄉村土雞（去骨雞腿）
這款去骨雞腿是鄉村土雞的精選部位之一，提供您無骨肉質的美味享受。經過新鮮宰殺，去骨設計更便於料理，適合煎炸、燉煮或烤箱烹調。無骨雞腿保留了雞肉的原始風味，是方便又美味的選擇。",64,4,31,2022/1/12
67,5,鄉村土雞(翅小腿),"鄉村土雞(翅小腿)
這款鄉村土雞翅小腿提供豐富的雞肉部位，新鮮宰殺的雞肉保留了原汁原味，適合燉煮、炸或涮火鍋。小腿部位肉質飽滿，肉汁豐富，為您的料理增添美味風味。",1015,26,31,2022/1/23
68,5,鄉村土雞(雞胸),"鄉村土雞(雞胸)
這款鄉村土雞雞胸部位肉質精緻，提供您低脂肪高蛋白的健康選擇。新鮮宰殺的雞肉，無骨的設計更方便料理。適合清蒸、烤箱烹調或搭配沙拉，為您的餐桌帶來輕盈又美味。
鄉村土雞(雞胸)
這款鄉村土雞雞胸部位肉質精緻，提供您低脂肪高蛋白的健康選擇。新鮮宰殺的雞肉，無骨的設計更方便料理。適合清蒸、烤箱烹調或搭配沙拉，為您的餐桌帶來輕盈又美味。
鄉村土雞(雞胸)
這款鄉村土雞雞胸部位肉質精緻，提供您低脂肪高蛋白的健康選擇。新鮮宰殺的雞肉，無骨的設計更方便料理。適合清蒸、烤箱烹調或搭配沙拉，為您的餐桌帶來輕盈又美味。",1013,44,31,2022/1/18
69,5,鄉村土雞(雞腿切塊),"
鄉村土雞(雞腿切塊)
這款鄉村土雞雞腿切塊提供豐富的雞肉部位，新鮮宰殺的雞肉保留了原汁原味，切塊的設計更方便您的料理需求。適合燉煮、炸或涮火鍋，為您的餐桌增添美味風味。",321,26,31,2021/3/9
70,5,鄉村土雞烏骨雞(半雞切塊),"鄉村土雞烏骨雞(半雞切塊)
這款鄉村土雞烏骨雞半雞切塊提供豐富的雞肉部位，新鮮宰殺的雞肉保留了原汁原味，切塊的設計更方便您的料理需求。適合燉煮、炸或涮火鍋，為您的餐桌增添美味風味。",102,4,31,2022/6/17
71,5,藻晨雞(三節翅),"藻晨雞(三節翅)
藻晨雞的三節翅是選用新鮮的藻晨雞肉製成，每隻雞的三節翅經過精心宰殺和處理，確保肉質鮮嫩，風味獨特。這款產品適合多種烹調方式，如炸、烤或涮火鍋，每一口都散發出藻晨雞的鮮美滋味。品嚐這份美味，帶來滿足感和愉悅享受。",871,33,31,2023/9/3
72,5,藻晨雞(半雞切塊),"藻晨雞(半雞切塊)
藻晨雞的半雞切塊為您提供豐富的雞肉部位，每片經過精細切割，保留了雞肉的原始風味。新鮮宰殺的雞肉，適合燉煮、烤箱烹調或火鍋，讓您輕鬆享受美味的藻晨雞肉。",904,14,31,2021/5/22
73,5,藻晨雞(去骨雞腿),"藻晨雞(去骨雞腿)
這款藻晨雞去骨雞腿提供了無骨肉質的極致享受。每片雞腿經過去骨處理，肉質鮮嫩多汁，適合烤箱烹調、炸或搭配醬料烹煮。去骨雞腿方便料理，是滿足您口腹之欲的理想選擇。",172,5,31,2021/7/3
74,5,藻晨雞(雞胸),"藻晨雞(雞胸)
藻晨雞的雞胸部位提供您低脂肪高蛋白的健康選擇。每片雞胸經過嚴格挑選和處理，保留了肉質的精緻口感。適合清蒸、烤箱烹調或搭配沙拉，為您的餐桌增添輕盈又美味。",13,39,31,2021/9/24
75,5,藻晨雞(雞腿切塊),"藻晨雞(雞腿切塊)
藻晨雞的雞腿切塊提供了豐富的雞肉部位，每片經過精心切割，方便料理且適合各種烹調方式。雞腿切塊保留了藻晨雞的鮮美風味，是燉煮、炸或涮火鍋的絕佳選擇。",47,36,31,2021/11/3
76,4,買8送2-台灣純海水低密度養殖鱸魚清肉排8片(100~200g_片)送蒸魚醬2包,"買8送2-台灣純海水低密度養殖鱸魚清肉排8片(100200g_片)送蒸魚醬2包
這項特惠組合包含了台灣純海水低密度養殖的鱸魚清肉排，每片100200克。清肉排的肉質鮮美，口感鮮嫩，非常適合清蒸、煎炸或燒烤。同時，購買8片還送2包蒸魚醬，讓您一次滿足口腹之欲，享受高品質的海鮮美味。",572,48,31,2021/3/21
77,4,台灣午仔魚250~300gX5尾 (三去.真空包裝),"台灣午仔魚250300gX5尾 (三去.真空包裝)
台灣午仔魚是當地海域的特產，每尾魚體約250300克，經過三去處理，去鱗、去內臟、去鰓，真空包裝保持了魚肉的新鮮度。這套五尾的午仔魚組合適合簡單的清蒸、油炸或燒烤方式，為您的餐桌帶來豐富的海味風味。",226,45,31,2021/6/14
78,4,台灣無刺虱目魚肚X5片 (真空包裝 120g_1片_包),"台灣無刺虱目魚肚X5片 (真空包裝 120g_1片_包)
這套台灣無刺虱目魚肚組合包含了五片真空包裝的魚肚，每片約120克。虱目魚肚肉質鮮嫩，油脂分佈均勻，是涮火鍋、清蒸或燉煮的上佳食材。精心處理的魚肚保留了原汁原味，為您帶來美味的海鮮享受。",988,39,31,2023/3/13
79,4,一夜干午仔魚240g±10%_包 3包組,"一夜干午仔魚240g±10%_包 3包組
這組一夜干午仔魚以新鮮午仔魚經過嚴格製程製成，每包240克，總共3包。透過一夜的自然風乾，保留了午仔魚的鮮味和營養價值。魚肉質鮮嫩，風味獨特，適合當零嘴或配菜，是海味愛好者的美味選擇。",856,34,31,2023/12/11
80,4,日本紅甘下巴(鰤魚)_125g±10%_包_3包,"日本紅甘下巴(鰤魚)_125g±10%_包_3包
這組日本紅甘下巴鰤魚是由新鮮的紅甘下巴鰤魚製成，每包125克，總共3包。紅甘下巴鰤魚肉質鮮嫩，富有油脂，口感豐富，適合生食或稍微烹調。這款日本紅甘下巴鰤魚為您呈現極致的魚肉美味。",732,18,31,2022/7/19
81,4,龍膽石斑去骨去刺菲力-6片組(180g±10%_片),"龍膽石斑去骨去刺菲力-6片組(180g±10%_片)
這套龍膽石斑去骨去刺菲力是以優質的石斑魚製成，每片約180克，總共6片。經過去骨去刺的處理，保留了魚肉的完整肉質，肉質鮮嫩、口感豐富。這組菲力適合鐵板燒、煎烤或清蒸，為您帶來高級的海鮮享受。",762,35,31,2023/12/5
82,4,優質土魠魚厚切-12片組(170g±10%_片),"優質土魠魚厚切-12片組(170g±10%_片)
這套優質土魠魚厚切組合包含了12片土魠魚，每片約170克。土魠魚肉質鮮美，經過厚切處理，適合涮火鍋、烤爐或煎炸，帶給您豐富的口感和風味。這是海鮮愛好者不可錯過的美味選擇。",307,2,31,2022/4/28
83,4,急速冷凍白鯧魚 650±50公克,"急速冷凍白鯧魚 650±50公克
急速冷凍的白鯧魚，每尾約重650±50克，保持了魚肉的新鮮度和營養價值。白鯧魚肉質細緻，適合清蒸、烤爐或燉煮，為您的餐桌增添優雅的海鮮風味。",396,43,31,2022/3/17
84,4,急速冷凍智利鮭魚片360±10%公克_包(一片裝)(3包組),"
急速冷凍智利鮭魚片360±10%公克_包(一片裝)(3包組)
這套急速冷凍智利鮭魚片組合總共有3包，每包一片，每片約重360±10克。智利鮭魚肉質鮮嫩，脂肪分佈均勻，適合生食、涮火鍋或用於壽司。急速冷凍保持了鮭魚的新鮮度，讓您隨時能夠享受高品質的鮭魚美味。",533,35,31,2023/5/9
85,4,嚴選黃魚 (550±50公克)_尾(共2尾),"嚴選黃魚 (550±50公克)_尾(共2尾)
這嚴選黃魚組合包含2尾，每尾約重550±50克。每條黃魚經過嚴格挑選，保持新鮮，肉質豐腴，適合清蒸、油炸或烤箱烹調。黃魚的獨特風味，讓您享受到高品質海鮮的美味滋味。",472,49,31,2022/7/18
86,4,嚴選燕尾紅鰷 (650±50公克)×2包(尾),"嚴選燕尾紅鰷 (650±50公克)×2包(尾)
這套嚴選燕尾紅鰷包含2包，每尾約重650±50克。燕尾紅鰷肉質細緻，口感鮮美，適合清蒸、煎炸或燉煮。經過嚴格挑選的紅鰷，為您帶來極致的海鮮享受。",670,7,31,2023/7/12
87,4,土魠魚輪切,"土魠魚輪切
土魠魚輪切為您提供方便的食材選擇。每片土魠魚約170克，輪切設計使其適合各種料理方式，包括涮火鍋、煎炸或燒烤。土魠魚的肉質鮮嫩，風味獨特，是海鮮料理中的佳品。",187,25,31,2023/10/6
88,4,大比目魚(扁鱈)中段、金目鱸魚片、白蝦蝦仁、香魚(任選3件組),"大比目魚(扁鱈)中段、金目鱸魚片、白蝦蝦仁、香魚(任選3件組)
這豪華大比目魚中段、金目鱸魚片、白蝦蝦仁、香魚的組合讓您擁有多樣的海陸美味。選擇其中3種食材，每種都是新鮮精選，適合多種烹飪方式，為您的餐桌帶來豐富的風味。",977,24,31,2023/1/2
89,4,大比目魚(扁鱈)中段,"大比目魚(扁鱈)中段
大比目魚中段給您帶來細嫩的魚肉口感。每段魚約重可自行選擇，適合清蒸、烤箱烹調或鐵板燒，為您的料理增添高雅的海鮮風味。",346,40,31,2021/6/18
90,4,元家 北海道干貝3S,"元家 北海道干貝3S
元家的北海道干貝3S是極品干貝的極致享受。每個干貝大小適中，鮮甜彈牙，經過嚴格挑選和加工。適合清蒸、烤爐或涮火鍋，為您帶來北海道的極致風味。",1000,48,31,2022/10/27
91,4,午仔魚,"午仔魚
午仔魚是新鮮海鮮的極品之一，每條魚身保持完整。適合涮火鍋、油炸或直接烤熟，是海味愛好者的絕佳選擇。
",21,14,31,2021/8/25
92,4,午仔魚一夜干,"午仔魚一夜干
午仔魚一夜干是經過自然風乾製成的美味零食。每條魚經過一夜風乾，鹹香美味，適合當零嘴或下酒菜，為您的休閒時光增添美味。",569,12,31,2023/9/24
93,4,虱目魚肚,"虱目魚肚
虱目魚肚是珍貴的海鮮部位，每片肚脹滿，味道鮮美。適合涮火鍋、清蒸或稍微烹煮，為您呈現虱目魚的豐富風味。",154,4,31,2022/11/18
94,4,金目鱸魚片,"金目鱸魚片
金目鱸魚片以優質鱸魚製成，每片魚片保持新鮮，適合涮火鍋、煎炸或生魚片料理，為您帶來高雅的鱸魚風味。",487,44,31,2022/1/25
95,4,海陸豪華食材組,"海陸豪華食材組
海陸豪華食材組匯集了多種精選食材，包括海鮮、肉類和蝦仁。這是一個豐富多樣的組合，適合多種烹飪方式，為您帶來一頓豪華的美食盛宴。",1016,28,31,2022/5/13
96,4,野生石斑魚片,"野生石斑魚片
這份野生石斑魚片帶給您高品質的海鮮享受。每片魚肉鮮嫩，口感豐富，適合清蒸、紅燒或生魚片料理。以新鮮的野生石斑魚為原料，為您的餐桌增添上等的海鮮風味。",313,20,31,2021/2/3
97,4,野生鮪魚腹肉,"野生鮪魚腹肉
這份野生鮪魚腹肉帶有豐富的油脂，口感鮮美，適合製作壽司、刺身或火鍋。每片腹肉經過精心挑選，保持新鮮，為您呈現最純粹的鮪魚風味。",833,14,31,2022/7/10
98,4,智利鮭魚半月切,"智利鮭魚半月切
智利鮭魚半月切提供方便的烹調選擇。每片魚肉鮮嫩，適合生吃、煮湯或燒烤。新鮮的智利鮭魚為您帶來豐富的奢華口感。",833,15,31,2021/8/28
99,4,智利鮭魚尾排,"智利鮭魚尾排
這份智利鮭魚尾排以肉質鮮嫩、油脂豐富為特色。適合燒烤、煮湯或清蒸，為您的餐桌帶來最新鮮的智利鮭魚風味。",792,21,31,2022/3/28
100,4,智利鮭魚輪切,"智利鮭魚輪切
智利鮭魚輪切提供多樣的烹調可能性。每片魚肉保持完整，適合火鍋、涮、烤箱料理或燒烤。選擇智利鮭魚輪切，輕鬆在家品味美味的海鮮。",130,27,31,2023/2/1
101,4,吻仔魚(吻仔魚),"吻仔魚(吻仔魚)
這份吻仔魚給您帶來新鮮、鮮美的海味。吻仔魚適合清炒、油炸或涼拌，是多種料理的絕佳選擇。每條吻仔魚都經過嚴格挑選，保持最佳的品質。",1014,27,31,2021/12/16
102,4,龍虎斑,"龍虎斑
龍虎斑是高級海鮮的代表，肉質鮮嫩，味道豐富。適合清蒸、紅燒或煎炸，為您的餐桌增添奢華風味。",425,15,31,2022/11/13
103,8,生凍波士頓龍蝦1隻(400~450g ±5%_ 隻),"生凍波士頓龍蝦1隻(400450g ±5%_ 隻)
這隻生凍波士頓龍蝦重約400450克，肉質鮮嫩、味道濃郁。適合以烹調方式烹煮，為您的用餐體驗帶來豐富的海鮮滋味。",484,29,31,2023/5/23
104,8,鮮味紅蟳10隻組(130g±5%_隻)(免運組),"鮮味紅蟳10隻組(130g±5%_隻)(免運組)
這組鮮味紅蟳包含10隻，每隻約重130克。每隻紅蟳新鮮、肉質飽滿，適合清蒸、蒜蓉蒸、或炒辣椒鹽，為您帶來頂級的海鮮享受。",292,42,31,2021/5/8
105,8,巨無霸智利熟凍帝王蟹1隻(1400-1500g_隻),"巨無霸智利熟凍帝王蟹1隻(1400-1500g_隻)
這隻巨無霸智利熟凍帝王蟹重約1400-1500克，肉質豐滿、味道鮮美。適合簡單蒸煮或以其他方式料理，為您的宴客大餐增添豪華感。",892,46,31,2021/7/26
106,8,熟凍爆蛋巨無霸紅蟳(300-350g±10%)x4隻,"熟凍爆蛋巨無霸紅蟳(300-350g±10%)x4隻
這份熟凍爆蛋巨無霸紅蟳套餐包含4隻，每隻重約300-350克。每隻紅蟳肉質鮮嫩、蟹黃豐富，適合蒸、煮湯或火鍋，為您的饗宴增色不少。",961,39,31,2021/10/27
107,8,巨無霸特特大智利帝王蟹1隻(2.2-2.4kg_隻),"巨無霸特特大智利帝王蟹1隻(2.4~2.6kg一隻)★
這隻巨無霸特特大智利帝王蟹重約2.42.6公斤，是奢華海鮮的極致享受。肉質豐盈、味道濃郁，簡單的蒸煮方式即可帶來頂級的海鮮享受。",228,23,31,2022/3/25
108,8,特特大巨無霸智利帝王蟹1隻(2.4~2.6kg_隻)★,"特特大巨無霸智利帝王蟹1隻(2.4~2.6kg一隻)★
這隻特特大巨無霸智利帝王蟹絕對是您海鮮餐桌上的焦點，重約2.42.6公斤的大螯蟹肉質鮮美，蟹膏豐富，一口咬下帶給您極致的滿足感。簡單的蒸煮方式即可保留最原汁原味，成為您宴客的最佳選擇，絕對是品味與視覺的雙重享受。",511,11,31,2021/4/3
109,8,魔獸級巨大智利超大帝王蟹(2.6~2.8kg_隻),"魔獸級巨大智利超大帝王蟹(2.6~2.8kg一隻)
這份魔獸級巨大智利超大帝王蟹堪稱海鮮之巔，每隻重約2.62.8公斤，帶有濃郁的帝王蟹風味，肉質飽滿，蟹膏豐富。以清蒸、烤箱或火鍋方式呈現，給您餐桌上的極致奢華饗宴。",754,46,31,2021/6/1
110,8,加拿大生凍波士頓龍蝦1隻(400~450g ±5%_ 隻),"加拿大生凍波士頓龍蝦1隻(400~450g ±5%一隻)
這隻加拿大生凍波士頓龍蝦重約400450克，肉質鮮嫩、味道濃郁。龍蝦肉質緊實，適合以烤箱烹調或以牛油蒜香方式料理，為您帶來滿足的味蕾享受。",607,44,31,2021/2/24
111,8,(免運組)頂級龍蝦尾4盎司 共3入,"(免運組)頂級龍蝦尾4盎司 共3入
這套免運組包含3份頂級龍蝦尾，每份重約4盎司。每條龍蝦尾經過精心挑選，保持新鮮，適合以烤箱、煎或清蒸方式料理，呈現最原汁原味的龍蝦風味。",665,40,31,2021/9/12
112,8,(免運組)頂級龍蝦尾4盎司 共5入,"(免運組)頂級龍蝦尾4盎司 共5入
這套免運組包含5份頂級龍蝦尾，每份重約4盎司。每條龍蝦尾都是品質保證，適合以多種方式料理，滿足您對龍蝦的多樣口味追求。",278,35,31,2022/1/22
113,8,(免運組)頂級龍蝦尾8盎司 共2入,"
(免運組)頂級龍蝦尾8盎司 共2入
這套免運組包含2份頂級龍蝦尾，每份重約8盎司。每條龍蝦尾保持肉質鮮嫩，適合以烤箱、煎或火鍋方式料理，為您的餐桌增添極致豪華。",34,26,31,2021/9/3
114,15,印尼 空運 《果后》頂級油竹 一台斤(下單後7個工作天出貨),"印尼 空運 《果后》頂級油竹 一台斤(下單後7個工作天出貨)
這台斤的《果后》頂級油竹是由印尼空運而來，經過嚴格挑選，確保新鮮、嫩滑的口感。油竹是理想的食材，適合涼拌、炒、或燉煮，味道清甜，為您的料理增色不少。藉由這份上等油竹，豐富您的餐桌，享受美味的滋味。
印尼 空運 《果后》頂級油竹 一台斤(下單後7個工作天出貨)
這台斤的《果后》頂級油竹是由印尼空運而來，經過嚴格挑選，確保新鮮、嫩滑的口感。油竹是理想的食材，適合涼拌、炒、或燉煮，味道清甜，為您的料理增色不少。藉由這份上等油竹，豐富您的餐桌，享受美味的滋味。",322,6,31,2023/3/13
115,15,預購 台中東勢25A茂谷柑17斤x1箱(約50~53顆_箱_產地直送_常溫宅配_橘子)下訂,"預購 台中東勢25A茂谷柑17斤x1箱(約5053顆_箱_產地直送_常溫宅配_橘子)下訂
這箱台中東勢25A茂谷柑是直接由產地送到您手中，每箱約有5053顆。茂谷柑果實鮮嫩多汁，口感極佳，充滿甜美風味。經過精心挑選，為您呈現最新鮮的水果享受，是您健康美味的選擇。",442,41,31,2021/7/7
116,15,有機活株鮮香菇,"有機活株鮮香菇
這份有機活株鮮香菇保留了鮮嫩的香菇原汁原味，每朵菇帶有淡淡的清香。適合炒、燉湯、火鍋等多種烹調方式，為您的家常菜增色不少。有機種植，讓您安心享受有機鮮食。",213,5,31,2023/1/29
117,15,有機紅肉火龍果M-力新,"有機紅肉火龍果M-力新
這顆有機紅肉火龍果M-力新充滿自然風味，果肉紅潤飽滿，口感豐富。火龍果是維生素和纖維的豐富來源，不僅美味，也有益於健康。適合切片食用、果汁、或製作沙拉，為您的生活增添色彩。",819,20,31,2021/8/26
118,15,有機檸檬-力新,"有機檸檬-力新
這份有機檸檬-力新以新鮮的有機檸檬為原料，果實酸爽多汁，適合製作飲料、調味料理，或直接食用。檸檬含豐富的維生素C，是提升免疫力的理想選擇。",78,31,31,2021/3/16
119,15,美國有機富士蘋果袋裝,"美國有機富士蘋果袋裝
這袋裝的美國有機富士蘋果經過嚴格挑選，每顆蘋果保持新鮮、多汁。富士蘋果的甜脆口感適合直接食用，也適合製作果汁、沙拉等多種美味料理，為您帶來最天然的果香。",352,24,31,2021/2/14
120,15,產地直送─生機珍珠芭樂,"產地直送─生機珍珠芭樂
這份生機珍珠芭樂是由產地直送，確保您能品嚐到最新鮮的芭樂。每顆芭樂都保持著原汁原味的甜美，適合生食或製作果汁，為您提供美味的健康選擇。",1019,39,31,2022/2/3
121,15,進口有機黃洋蔥S-力新,"進口有機黃洋蔥S-力新
這袋有機黃洋蔥S-力新來自進口，經過有機種植，確保品質純正。黃洋蔥是廚房不可或缺的調味食材，為各式料理增添香氣和風味，適合炒菜、烹湯等多種用途。",963,46,31,2022/1/14
122,15,新鮮直送-Zespri義大利有機金圓頭奇異果#25,"新鮮直送-Zespri義大利有機金圓頭奇異果#25
這份新鮮直送的Zespri義大利有機金圓頭奇異果#25是您每日所需的維生素C的最佳來源。奇異果鮮甜多汁，經濟實惠的25顆裝，為您提供健康美味。",299,24,31,2021/9/11
123,15,雪麗 蜜棗 5斤 提盒組(下單後7個工作天出貨),"雪麗 蜜棗 5斤 提盒組(下單後7個工作天出貨)
雪麗蜜棗以五斤提盒組的形式呈現，每顆蜜棗新鮮多汁，肉質細緻，入口即化。經過嚴格挑選和精心包裝，確保品質完美，每一口都散發著天然的甜蜜風味。這是健康美味的零嘴選擇，給您帶來滿滿的幸福感。",8,23,31,2023/9/9
124,15,日本 和歌山 才色果實 蜜柑禮盒 12-15顆(下單後7個工作天出貨),"日本 和歌山 才色果實 蜜柑禮盒 12-15顆(下單後7個工作天出貨)
這份蜜柑禮盒由日本和歌山的才色果實精心打造，包含12-15顆精選蜜柑。每顆蜜柑皮薄多汁，香氣濃郁，是秋冬季節的極致美味。這是送禮自用兩相宜的禮盒，讓您品味日本頂級蜜柑的鮮美風味。
日本 和歌山 才色果實 蜜柑禮盒 12-15顆(下單後7個工作天出貨)
這份蜜柑禮盒由日本和歌山的才色果實精心打造，包含12-15顆精選蜜柑。每顆蜜柑皮薄多汁，香氣濃郁，是秋冬季節的極致美味。這是送禮自用兩相宜的禮盒，讓您品味日本頂級蜜柑的鮮美風味。",873,42,31,2022/3/8
125,15,日本 青森 特選 世界一 蘋果 8玉(下單後7個工作天出貨),"日本 青森 特選 世界一 蘋果 8玉(下單後7個工作天出貨)
這盒日本青森特選世界一蘋果包含8玉，每顆蘋果皆經精心挑選。這是一種極致甜脆的蘋果，果肉多汁，口感清爽。每顆蘋果都是品質的代表，為您的味蕾帶來極致享受。",846,50,31,2021/5/6
126,15,日本 青森 蜜富士 蘋果 8入禮盒(下單後7個工作天出貨),"日本 青森 蜜富士 蘋果 8入禮盒(下單後7個工作天出貨)
這盒日本青森蜜富士蘋果以8入禮盒形式呈現，每顆蘋果都是精挑細選的極品。蜜富士蘋果以其獨特的香甜風味聞名，口感細緻多汁。送禮或自用皆為絕佳之選，帶來純正的日本蘋果美味。",54,36,31,2021/2/16
127,15,日本 高知縣 宿毛市 愛心達摩 草莓(下單後7個工作天出貨),"
日本 高知縣 宿毛市 愛心達摩 草莓(下單後7個工作天出貨)
這盒日本高知縣宿毛市的愛心達摩草莓是一份極具心意的水果禮盒。每顆草莓都鮮嫩多汁，味道甜美濃郁。這禮盒不僅是美味的享受，更是表達心情的完美禮物，為您的生活增色不少。",139,14,31,2023/5/22
128,15,紐西蘭 空運 牽牛花 Lapin 櫻桃 32mm 2kg精裝盒(下單後7個工作天出貨),"紐西蘭 空運 牽牛花 Lapin 櫻桃 32mm 2kg精裝盒(下單後7個工作天出貨)
這盒來自紐西蘭的空運牽牛花Lapin櫻桃，每粒櫻桃直徑約32mm，果實鮮紅晶瑩，肉質飽滿多汁。經過嚴格挑選，保持新鮮度，為您呈現最頂級的櫻桃風味。這是一份高品質水果的極致享受。",413,38,31,2021/7/27
129,8,一口烏魚子鴻運禮盒140g,"一口烏魚子鴻運禮盒140g
這款一口烏魚子鴻運禮盒每盒重140克，以頂級手工製作而成，烏魚子質地鮮嫩，口感豐富。每一口都是極致的享受，典雅的提袋更添禮盒精緻感。這份禮盒結合了烏魚子的美味與包裝的精緻，是送禮或自享的絕佳之選。",599,32,31,2022/6/17
130,8,感動的美味-烏魚子(3兩級，共3片)附提袋?唯一來自成龍藝術村 頂級手工烏魚子,"感動的美味-烏魚子(3兩級，共3片)附提袋
這份烏魚子以3兩級的厚度呈現，共有3片入盒，附有精緻的提袋。每片烏魚子都經過精心挑選，擁有頂級的口感和鮮明的風味。來自成龍藝術村的手工烏魚子，為您帶來感動的美味體驗。",899,26,31,2021/5/24
131,8,感動的美味-烏魚子一口吃(120gx1盒，共4盒)提繩禮盒?唯一來自成龍藝術村 頂級手工,"感動的美味-烏魚子一口吃(120gx1盒，共4盒)提繩禮盒
這組感動的美味烏魚子一口吃禮盒包含4盒，每盒淨重120克，附有精緻提繩禮盒。每一口都是方便的一口吃設計，方便攜帶。來自成龍藝術村的頂級手工烏魚子，味道鮮美，是品味烏魚子的極佳選擇。
感動的美味-烏魚子一口吃(120gx1盒，共4盒)提繩禮盒
這組感動的美味烏魚子一口吃禮盒包含4盒，每盒淨重120克，附有精緻提繩禮盒。每一口都是方便的一口吃設計，方便攜帶。來自成龍藝術村的頂級手工烏魚子，味道鮮美，是品味烏魚子的極佳選擇。",1099,47,31,2022/3/29
132,8,日本明太子_80g_盒(辛口)_3盒,"日本明太子_80g_盒(辛口)_3盒
這組日本明太子辛口口味共有3盒，每盒淨重80克。明太子是日本經典的美食之一，以辛香的風味和滑順的口感而聞名。方便的包裝使得您可以輕鬆享受這道美味的日式小吃。",2500,10,31,2021/5/28
133,8,日本雙葉明太子沙拉_500g_包,"日本雙葉明太子沙拉_500g_包
這包日本雙葉明太子沙拉淨重500克，是方便又美味的日式明太子風味沙拉。明太子的香辣調味搭配新鮮的沙拉，帶給您清爽爽口的口感。適合當作開胃菜或下酒菜，讓您享受日本風味的美食。",600,43,31,2022/9/9
134,8,【披薩市】《圍爐大亨》台灣野生厚切一口吃烏魚子(禮盒)_3入,"【披薩市】《圍爐大亨》台灣野生厚切一口吃烏魚子(禮盒)_3入
這禮盒由《圍爐大亨》呈獻，包含3入台灣野生厚切一口吃烏魚子。每片烏魚子都切得濃厚，鮮美多汁。禮盒包裝精美，是送禮或自用的極佳選擇，展現台灣野生烏魚子的獨特風味。",1800,44,31,2022/12/19
135,8,特A級四兩烏魚子禮盒x2盒組 ( 季節限定_禮盒包裝；附提袋),"特A級四兩烏魚子禮盒x2盒組 ( 季節限定_禮盒包裝；附提袋)
這套特A級四兩烏魚子禮盒共有2盒，每盒淨重四兩。這是一份季節限定的禮盒，包裝精緻，附有提袋，方便攜帶。每一口都是極品，味道濃郁鮮美，是高級烏魚子的極致享受。",1680,37,31,2023/6/13
136,8,散裝四兩烏魚子 ( 季節限定_無禮盒包裝),"散裝四兩烏魚子 (季節限定_無禮盒包裝)
這份散裝四兩烏魚子呈現季節限定風味，以無禮盒包裝形式呈現。每片烏魚子厚實飽滿，帶有豐富的鹹香，獨特的口感令人難以忘懷。適合愛好烏魚子風味的您，將這份美味融入各式料理，為餐桌增色不少。",700,1,31,2022/1/5
137,16,Omnipork 新豬肉,"Omnipork 新豬肉
Omnipork新豬肉是一種創新的植物性肉品，具有傳統豬肉的質地和風味，卻不包含膽固醇、飽和脂肪及抗生素。這款新豬肉適用於各種烹飪方式，提供您更多選擇，同時關心環境和動物福祉。",45,9,31,2021/5/6
138,16,里仁 素火腿,"里仁 素火腿
里仁素火腿是純素的肉製品替代品，以植物性食材為基礎，製成肉質飽滿的火腿。其口感豐富、風味獨特，適用於三明治、沙拉等多種料理，為素食者提供美味的選擇。",120,33,31,2023/10/29
139,16,里仁 蚵仔酥600g,"
里仁 蚵仔酥600g
這600克的里仁蚵仔酥是素食者的美味選擇。蚵仔酥以植物性食材為主，濃郁的海鮮風味，脆口的酥皮，令人驚艷。適合沾醬、加入麵食或直接享用，滿足您對海鮮小吃的渴望。",100,11,31,2023/8/15
140,16,里仁 黑胡椒素排,"里仁 黑胡椒素排
里仁黑胡椒素排是一款以豆腐、麩皮等植物性原料製成的素食產品。肉質柔軟，搭配香濃的黑胡椒風味，讓您在享受美味的同時，輕鬆體驗素食的多樣風味。",80,50,31,2021/3/22
141,16,素如意 麵腸,"素如意 麵腸
素如意麵腸是一種素食替代品，製作精緻，質地彈牙，搭配多樣的香料調味而成。適合炒麵、涼拌等各種烹飪方式，為您的素食餐桌帶來更多可能性。",65,9,31,2021/7/26
142,16,揚明 輕鬆煮猴頭菇,"揚明 輕鬆煮猴頭菇
揚明輕鬆煮猴頭菇是一款便利的植物性菇類食品，可直接使用，省去繁複的清理過程。猴頭菇質地彈牙，適合炒、煮、燉等多種烹調方式，為您帶來簡單又美味的料理體驗。",65,14,31,2023/3/13
143,16,溢發興 麵肚,"溢發興 麵肚
溢發興麵肚是一種植物性的麵食製品，質地細緻柔軟，可用於火鍋、湯麵等多種料理。其高纖的特點使其成為營養均衡的選擇，同時滿足您對美味的追求。",65,14,31,2022/2/13
144,16,簡單廚房 素若塊,"簡單廚房 素若塊
簡單廚房素若塊是以豆製品為基礎的植物性料理，適合烹飪、涼拌等多種方式。質地鮮嫩，搭配簡單的調味，呈現出清新的風味，為您提供簡單又美味的素食選擇。",80,26,31,2022/6/17
145,16,里仁 味噌餘,"里仁 味噌餘
里仁味噌餘是一種植物性的調味料，以豆腐和香料製成。適用於炒飯、拌麵等多種料理，帶有濃郁的味噌香氣，為您的素食料理增添層次豐富的風味。",45,29,31,2023/1/5
146,16,簡單廚房 植物肉丸,"簡單廚房 植物肉丸

簡單廚房的植物肉丸是一款精心研發的植物性食品，以大豆、穀物等天然食材製成。這款植物肉丸具有肉質飽滿、口感細緻的特點，結合了豐富的植物蛋白質，為素食者提供了一種美味、營養均衡的選擇。

植物肉丸不僅適合素食者，也是愛好美食者的絕佳選擇。您可以將植物肉丸用於義大利麵、鍋物、炸物等各種烹飪方式，味道鮮美，滿足您對美味料理的需求。無論是搭配醬汁、麵食，還是烹調成各式料理，都能展現出它的多樣應用性。",80,42,31,2023/8/22
147,16,伊布 黑豆天貝,"伊布 黑豆天貝

伊布的黑豆天貝是一款創新的植物性海味替代品，以黑豆為主要原料，製成形狀狀似天貝的植物食品。其外脆內嫩的質地、獨特的香氣和美味，讓您在品嚐時能夠感受到海鮮的豐富風味。

這款黑豆天貝適合用於炸、烤、涼拌等多種烹飪方式，成為素食者和追求健康飲食的人們的理想之選。同時，黑豆的營養價值豐富，含有豐富的蛋白質和纖維，讓您在品味美味的同時，也能享受到營養的加持。",45,26,31,2021/12/13
148,16,三機 植物絞肉,"三機 植物絞肉

三機植物絞肉是一款植物性食品，以多種植物原料製成，具有質地細緻、口感豐富的特點。這款植物絞肉適合用於炒、燉、煮等各種烹飪方式，能夠替代傳統肉類，同時呈現出美味可口的風味。

植物絞肉的多樣性應用使其成為廣大素食者和注重健康飲食的人們的首選。您可以將植物絞肉用於製作漢堡、義大利肉醬、炒飯等各種料理，滿足您對美味料理的所有想像。",120,36,31,2022/2/21
149,16,三機 植物肉堡排,"三機 植物肉堡排

三機植物肉堡排是一款創新的植物性漢堡肉替代品，以多種天然植物食材製成。這款植物肉堡排具有肉質飽滿、多汁爽口的特點，適合在漢堡中搭配各式蔬菜和醬汁，呈現出豐富多層次的口感。

植物肉堡排不僅滿足了喜愛漢堡的味蕾，同時也是一種營養豐富的食品，含有豐富的蛋白質和微量元素。您可以輕鬆地在家中烹飪出美味的植物漢堡，為整個家庭提供健康的素食選擇。",100,13,31,2021/4/29
150,16,弘陽 原味素排,"弘陽 原味素排

弘陽原味素排是一種口感彈牙、風味濃郁的植物性食品，主要由大豆蛋白等素材製成。這款原味素排的質地豐富，適合切片炒食、涼拌、火鍋等多種烹飪方式，味道純正，可自由搭配各式調味。

原味素排不僅可以作為獨立菜品享用，還能應用在各種中式、西式料理中，提升整體菜餚的層次感。這是一種簡單方便，又美味可口的素食選擇，適合廣大素食者和喜愛輕食的人們。",80,34,31,2021/11/21
151,16,Omnipork 新肉絲,"Omnipork 新肉絲

Omnipork新肉絲是一款以植物性食材為基礎的創新產品，具有肉絲般的質感和豐富的風味。這款新肉絲不僅適用於炒、燉、炸等各種烹飪方式，還能夠應用在涼拌、炒麵等多種多種烹飪方式，味道純正，可自由搭配各式調味。",80,48,31,2021/11/21
152,16,Omnipork 新餐肉,Omnipork新餐肉是一款以植物性食材為基礎的創新產品，具有肉般的質感和豐富的風味。這款新肉不僅適用於炒、燉、炸等各種烹飪方式，還能夠應用在涼拌、炒麵等多種多種烹飪方式，味道純正，可自由搭配各式調味。,120,40,31,2021/11/21
